,basin_id,latitude,longitude,pax_strength,regions
0,63,24.4372,88.6164,102.099,Asia
1,73,25.2611,51.565,38786.422,Middle East
2,82,43.2319,27.825,3998.382,Europe
3,83,42.5697,27.5153,5760.495,Europe
4,84,42.6953,23.4061,7089.389,Europe
5,135,16.7414,-22.9494,1192.828,Africa
6,137,14.9414,-23.4847,648.97,Africa
7,138,16.1367,-22.8889,574.882,Africa
8,143,46.4678,24.4125,179.066,Europe
9,145,45.7856,24.0914,729.16,Europe
10,146,44.5722,26.1022,14755.412,Europe
11,149,44.3181,23.8886,514.544,Europe
12,151,31.7225,35.9933,17193.432,Middle East
13,179,1.6389,103.6703,4254.922,Southeast Asia
14,182,2.7456,101.7147,64516.688,Southeast Asia
15,186,5.9372,116.0531,9443.275,Southeast Asia
16,192,4.3253,113.9883,2435.493,Southeast Asia
17,224,10.5953,-61.3372,2923.003,North America
18,225,11.1497,-60.8322,58.736,North America
19,247,26.4711,49.7978,11168.383,Middle East
20,249,25.2853,49.4853,179.599,Middle East
21,256,24.9578,46.6989,29084.238,Middle East
22,272,46.2236,14.4575,1721.355,Europe
23,275,46.9142,7.4972,48.794,Europe
24,276,47.4647,8.5492,60837.06,Europe
25,277,46.0042,8.9106,111.741,Europe
26,279,46.2381,6.1089,34366.476,Europe
27,284,43.5389,16.2981,6592.842,Europe
28,285,42.5614,18.2683,2896.227,Europe
29,286,45.2169,14.5703,207.336,Europe
30,287,45.7431,16.0689,3435.531,Europe
31,288,44.1083,15.3467,801.347,Europe
32,290,44.8936,13.9222,777.568,Europe
33,325,29.7194,106.6419,44786.722,East Asia
34,376,25.935,119.6633,402.003,East Asia
35,389,24.7956,118.5881,8435.805,East Asia
36,430,24.5442,118.1278,42173.589,East Asia
37,433,50.1717,127.3094,215.947,East Asia
38,455,23.3925,113.2989,73378.475,East Asia
39,465,27.9131,120.8522,12291.707,East Asia
40,473,22.3089,113.9147,201820.907,East Asia
41,493,36.1311,-5.3497,491.405,Europe
42,495,9.5769,-13.6119,573.6,Africa
43,496,62.6628,29.6075,126.613,Europe
44,497,61.4617,21.8,14.415,Europe
45,499,66.5647,25.8303,661.124,Europe
46,500,63.0506,21.7622,303.911,Europe
47,501,63.7211,23.1431,56.113,Europe
48,502,64.2856,27.6925,87.307,Europe
49,503,65.9875,29.2394,114.003,Europe
50,505,62.3994,25.6783,66.572,Europe
51,507,61.9431,28.945,10.495,Europe
52,508,60.5142,22.2628,452.927,Europe
53,509,64.93,25.3544,1057.355,Europe
54,510,65.7786,24.5808,63.579,Europe
55,511,61.4142,23.6044,222.39,Europe
56,512,60.3172,24.9633,21861.082,Europe
57,514,63.0072,27.7978,243.529,Europe
58,519,-34.8383,-56.0308,1987.389,South America
59,521,17.1953,104.1186,386.687,Southeast Asia
60,538,13.6858,100.7489,165514.999,Southeast Asia
61,553,27.5058,83.4164,388.378,Asia
62,558,28.7547,80.5825,27.619,Asia
63,566,27.6967,85.3592,7327.042,Asia
64,596,14.5086,121.0194,47898.046,Southeast Asia
65,599,20.4514,121.98,148.112,Southeast Asia
66,616,15.1861,120.5603,4019.291,Southeast Asia
67,626,-26.1392,28.2461,21665.403,Africa
68,635,-33.9647,18.6017,10979.946,Africa
69,655,35.8575,14.4775,14254.583,Europe
70,657,43.86,51.0919,1029.685,Asia
71,663,47.1219,51.8214,937.032,Asia
72,668,43.3533,77.0422,6422.721,Asia
73,673,42.3642,69.4789,955.412,Asia
74,680,-15.6633,-146.8847,3.886,Oceania
75,687,-14.9542,-147.6608,99.537,Oceania
76,692,-16.4444,-151.7514,150.723,Oceania
77,695,-15.2483,-146.6167,1.024,Oceania
78,696,-15.1197,-148.2308,49.021,Oceania
79,699,-16.0542,-145.6569,35.948,Oceania
80,711,-16.1208,-146.3736,3.131,Oceania
81,712,-17.5539,-149.6072,1561.911,Oceania
82,719,50.6375,5.4433,170.4,Europe
83,720,50.9014,4.4844,34890.529,Europe
84,721,51.1997,2.8753,457.423,Europe
85,725,48.7794,8.0806,1335.957,Europe
86,726,51.6142,8.6164,693.404,Europe
87,727,51.1344,13.7681,1595.675,Europe
88,728,53.0475,8.7867,2308.338,Europe
89,729,53.9181,12.2783,148.165,Europe
90,730,52.4606,9.6894,6301.366,Europe
91,731,50.9797,10.9581,156.326,Europe
92,732,48.69,9.2219,12721.441,Europe
93,733,50.0331,8.5706,136466.661,Europe
94,734,51.6025,6.1422,1231.1,Europe
95,735,53.6303,9.9883,17308.773,Europe
96,736,51.4325,12.2417,2615.801,Europe
97,737,51.4083,9.3775,120.712,Europe
98,738,52.1347,7.6847,986.26,Europe
99,739,47.9881,10.2375,1722.764,Europe
100,742,52.5597,13.2878,11417.435,Europe
101,743,49.9486,7.2639,1496.362,Europe
102,744,49.2147,7.1106,366.574,Europe
103,745,51.5183,7.6122,2719.566,Europe
104,748,48.3539,11.7861,47959.885,Europe
105,749,49.4986,11.0669,4111.689,Europe
106,750,51.2894,6.7667,25507.566,Europe
107,751,47.6714,9.5114,489.921,Europe
108,752,50.8658,7.1428,12400.0,Europe
109,762,55.95,-3.3725,14733.966,Europe
110,763,56.4522,-3.0256,20.917,Europe
111,764,51.3825,-2.7189,10614.599,Europe
112,766,50.7344,-3.4139,1021.705,Europe
113,767,57.54,-4.05,937.728,Europe
114,769,54.5092,-1.4294,147.824,Europe
115,770,55.0375,-1.6917,5198.952,Europe
116,773,52.8311,-1.3281,4674.338,Europe
117,777,49.9133,-6.2917,93.927,Europe
118,778,53.4753,-1.0039,1609.68,Europe
119,779,53.7714,-3.0283,15.213,Europe
120,780,50.4433,-5.0017,525.316,Europe
121,781,50.9503,-1.3567,2584.435,Europe
122,782,55.8719,-4.4333,9482.189,Europe
123,784,52.6758,1.2828,530.328,Europe
124,785,57.2042,-2.2003,2912.743,Europe
125,786,52.4536,-1.7478,12646.456,Europe
126,787,53.8658,-1.6606,3992.209,Europe
127,788,54.6575,-6.2158,8733.633,Europe
128,789,53.3536,-2.275,34367.653,Europe
129,790,55.6819,-6.2547,42.746,Europe
130,791,51.4775,-0.4614,253931.584,Europe
131,792,51.3422,1.3461,2035.574,Europe
132,802,9.9939,-84.2089,5541.577,Central America
133,814,33.3675,-7.59,10313.69,Africa
134,818,35.1772,-3.8394,92.121,Africa
135,819,34.7872,-1.9239,701.913,Africa
136,820,34.0514,-6.7514,1100.846,Africa
137,821,34.9889,-3.0283,773.472,Africa
138,823,35.7269,-5.9169,1353.86,Africa
139,830,47.4369,19.2556,16173.489,Europe
140,831,47.4889,21.6153,25.612,Europe
141,832,46.6864,17.1592,9.123,Europe
142,835,53.125,6.5833,161.433,Europe
143,836,51.45,5.3744,5832.697,Europe
144,837,52.3081,4.7642,75785.553,Europe
145,838,50.9158,5.7769,864.479,Europe
146,859,14.5911,-61.0031,2050.03,North America
147,905,53.8825,28.0308,5101.766,Europe
148,908,36.6967,24.4728,77.627,Europe
149,910,35.5317,24.1497,5806.456,Europe
150,911,39.6964,20.8225,133.375,Europe
151,913,37.0683,22.0256,341.281,Europe
152,914,36.4056,28.0861,10831.883,Europe
153,915,37.9364,23.9444,25573.665,Europe
154,917,38.9256,20.7653,1249.305,Europe
155,920,37.7508,20.8842,1762.593,Europe
156,923,36.58,26.3756,15.261,Europe
157,924,36.3992,25.4794,2276.705,Europe
158,926,38.9683,24.4881,17.451,Europe
159,928,35.3397,25.1803,7843.587,Europe
160,929,37.69,26.9117,545.828,Europe
161,932,37.435,25.3481,1614.227,Europe
162,934,36.2742,23.0169,39.584,Europe
163,935,38.12,20.5006,769.869,Europe
164,939,36.7933,27.0917,5260.449,Europe
165,996,20.5217,-86.9369,546.423,Central America
166,1027,32.6306,-115.2417,169.748,Central America
167,1034,32.5411,-116.9703,1298.834,Central America
168,1036,21.0367,-86.8772,25481.989,Central America
169,1040,27.1558,77.9608,22.278,Asia
170,1041,32.6892,74.8375,1337.125,Asia
171,1045,30.6733,76.7886,2165.992,Asia
172,1053,12.9944,80.1806,22819.719,Asia
173,1055,18.5822,73.9197,8437.989,Asia
174,1057,26.8242,75.8122,4885.597,Asia
175,1059,25.5914,85.0881,4107.311,Asia
176,1065,10.7653,78.7097,1666.175,Asia
177,1068,31.7097,74.7972,2563.719,Asia
178,1070,32.1653,76.2606,140.095,Asia
179,1073,26.7411,83.45,463.724,Asia
180,1083,10.1519,76.4019,10280.152,Asia
181,1084,8.4822,76.92,4050.099,Asia
182,1085,13.1989,77.7056,33655.566,Asia
183,1088,30.8542,75.9536,11.736,Asia
184,1090,19.0886,72.8681,47297.919,Asia
185,1099,28.5664,77.1031,68490.78,Asia
186,1100,30.1897,78.1803,1327.183,Asia
187,1107,25.4522,82.8594,3041.501,Asia
188,1108,11.9683,79.8114,70.73,Asia
189,1113,13.6325,79.5433,852.419,Asia
190,1116,56.9236,23.9711,7798.394,Europe
191,1142,65.4611,12.2175,131.208,Europe
192,1143,59.3453,5.2083,684.408,Europe
193,1145,62.5603,6.1103,1147.666,Europe
194,1146,67.2692,14.3653,1872.649,Europe
195,1147,58.8767,5.6378,4309.723,Europe
196,1149,63.4575,10.9242,4381.921,Europe
197,1150,62.5789,11.3447,26.256,Europe
198,1156,62.7447,7.2625,757.262,Europe
199,1158,59.3789,10.7856,2073.228,Europe
200,1161,58.2042,8.0853,1064.387,Europe
201,1166,66.3667,14.3,106.316,Europe
202,1167,60.2933,5.2181,6505.827,Europe
203,1170,68.4914,16.6781,767.812,Europe
204,1172,64.4717,11.5706,86.527,Europe
205,1173,60.1939,11.1003,28572.06,Europe
206,1174,69.0558,18.5403,246.42,Europe
207,1175,50.1008,14.26,17804.9,Europe
208,1176,49.1514,16.6944,543.633,Europe
209,1178,50.0133,15.7386,102.045,Europe
210,1179,49.6961,18.1111,323.32,Europe
211,1203,49.6233,6.2044,4416.038,Europe
212,1205,32.0072,34.8806,24036.091,Middle East
213,1206,32.8094,35.0431,92.695,Middle East
214,1216,-12.0219,-77.1144,47070.032,South America
215,1220,-8.0847,-79.1094,648.497,South America
216,1230,-6.7875,-79.8281,678.698,South America
217,1231,-16.3408,-71.5725,1990.82,South America
218,1290,3.5581,98.6717,3721.771,Southeast Asia
219,1350,63.985,-22.6056,7598.678,Europe
220,1377,4.7017,-74.1469,34979.405,South America
221,1431,32.6942,-16.7981,2529.027,Europe
222,1432,37.7481,-25.6978,2030.302,Europe
223,1435,37.0144,-7.9658,6687.077,Europe
224,1437,36.9739,-25.1711,101.262,Europe
225,1439,38.7742,-9.1342,60378.053,Europe
226,1440,41.2356,-8.6781,23526.714,Europe
227,1442,49.4347,-2.6019,908.551,Europe
228,1462,-0.1411,-78.4883,5037.65,South America
229,1475,14.7425,-17.4933,2491.185,Africa
230,1487,46.7633,-56.1744,38.808,North America
231,1489,44.1747,0.5906,14.901,Europe
232,1491,48.4472,-4.4217,1233.426,Europe
233,1492,45.7858,3.1625,432.339,Europe
234,1494,48.7733,4.2061,81.74,Europe
235,1495,47.4319,0.7231,197.109,Europe
236,1496,48.9783,6.2467,358.212,Europe
237,1497,45.5342,4.2972,5.313,Europe
238,1498,47.975,-4.1678,57.203,Europe
239,1499,41.9239,8.8025,1618.357,Europe
240,1500,48.5878,-2.08,95.907,Europe
241,1502,44.8975,2.4167,38.413,Europe
242,1503,43.4367,5.215,10158.6,Europe
243,1504,45.6392,5.88,204.238,Europe
244,1505,50.5633,3.0869,2198.114,Europe
245,1506,43.5833,3.9614,2166.942,Europe
246,1507,42.5203,8.7931,336.672,Europe
247,1508,41.5022,9.0967,737.7,Europe
248,1509,47.0428,5.435,111.161,Europe
249,1511,44.8286,-0.7153,7703.143,Europe
250,1512,48.5419,7.6344,1285.23,Europe
251,1513,45.7256,5.0811,23179.525,Europe
252,1514,44.4075,2.4833,87.124,Europe
253,1515,49.1733,-0.45,438.619,Europe
254,1517,42.7408,2.8697,447.084,Europe
255,1518,43.38,-0.4186,1071.169,Europe
256,1519,43.635,1.3678,9642.925,Europe
257,1520,43.0972,6.1461,510.652,Europe
258,1521,43.2158,2.3086,399.263,Europe
259,1522,46.5875,0.3067,114.015,Europe
260,1523,48.755,-3.4744,3.876,Europe
261,1524,43.3233,3.3533,259.153,Europe
262,1525,47.1569,-1.6078,7241.928,Europe
263,1526,44.8244,0.5206,285.182,Europe
264,1529,42.55,9.4847,1558.9,Europe
265,1531,45.8608,1.1803,300.586,Europe
266,1532,48.0719,-1.7322,851.976,Europe
267,1533,47.5603,-0.3122,11.198,Europe
268,1534,43.6653,7.215,28218.326,Europe
269,1535,49.0097,2.5478,112140.689,Europe
270,1537,46.1792,-1.1953,233.001,Europe
271,1538,47.7606,-3.44,103.498,Europe
272,1539,54.9639,24.0847,2239.421,Europe
273,1540,55.9733,21.0939,352.144,Europe
274,1541,54.6342,25.2858,9671.067,Europe
275,1557,49.2078,-2.1953,1732.613,Europe
276,1560,14.5844,-90.5272,3034.546,Central America
277,1561,54.9644,9.7917,73.821,Europe
278,1562,55.7403,9.1517,3823.162,Europe
279,1563,56.2975,9.1247,114.313,Europe
280,1564,55.6203,12.6503,30274.295,Europe
281,1565,57.0928,9.8492,1446.294,Europe
282,1566,56.3039,10.6194,500.365,Europe
283,1567,55.0633,14.7603,236.428,Europe
284,1568,54.0833,-4.6242,854.676,Europe
285,1571,-41.5453,147.2111,1395.304,Oceania
286,1575,-41.1697,146.4303,148.332,Oceania
287,1578,-32.2189,148.5756,198.461,Oceania
288,1581,-26.545,148.7747,86.207,Oceania
289,1595,-34.945,138.5306,8516.171,Oceania
290,1596,-27.5428,151.9172,110.357,Oceania
291,1600,-35.1653,147.4664,207.417,Oceania
292,1602,-39.8775,143.8783,45.936,Oceania
293,1603,-27.3842,153.1175,46051.292,Oceania
294,1608,-34.7022,146.5122,13.819,Oceania
295,1610,-28.8339,153.5625,1022.169,Oceania
296,1612,-33.9461,151.1772,44428.845,Oceania
297,1615,-31.9403,115.9669,12513.516,Oceania
298,1617,-29.4989,149.8447,31.522,Oceania
299,1618,-42.8361,147.5103,5285.272,Oceania
300,1620,-30.3192,149.8272,7.439,Oceania
301,1624,-31.8886,152.5139,9.424,Oceania
302,1630,-31.4356,152.8622,218.504,Oceania
303,1639,-25.32,152.8803,166.839,Oceania
304,1642,-31.0839,150.8467,188.914,Oceania
305,1644,-35.8983,150.1461,21.619,Oceania
306,1648,-37.6733,144.8433,37205.645,Oceania
307,1655,-35.3069,149.195,6267.941,Oceania
308,1657,-32.795,151.8344,2446.3,Oceania
309,1660,-36.0678,146.9581,252.501,Oceania
310,1663,-33.3822,149.1314,102.181,Oceania
311,1667,-32.565,149.6094,8.633,Oceania
312,1670,-29.7594,153.03,19.212,Oceania
313,1680,-30.5281,151.6172,132.521,Oceania
314,1684,-16.8781,145.7489,4778.181,Oceania
315,1687,-24.9025,152.3208,153.671,Oceania
316,1691,-28.1644,153.5047,6484.937,Oceania
317,1694,46.9936,15.44,1036.929,Europe
318,1695,48.2333,14.1875,436.018,Europe
319,1696,46.6428,14.3378,209.434,Europe
320,1697,47.2603,11.3439,1144.541,Europe
321,1698,47.7933,13.0044,1717.991,Europe
322,1699,48.1103,16.5781,31661.727,Europe
323,1743,36.7131,28.7925,4858.379,Middle East
324,1746,38.2925,27.1569,23797.555,Middle East
325,1749,40.1281,32.995,13709.086,Middle East
326,1755,41.1389,27.9194,73.639,Middle East
327,1758,40.9769,28.8147,87569.83,Middle East
328,1760,40.2553,29.5625,269.783,Middle East
329,1767,39.81,30.5169,86.37,Middle East
330,1769,40.5622,43.115,516.661,Middle East
331,1774,37.2506,27.6644,8583.726,Middle East
332,1778,41.315,33.7961,63.445,Middle East
333,1788,60.1217,19.8975,51.597,Europe
334,1790,36.8511,10.2272,6441.886,Africa
335,1792,36.0756,10.4383,3040.723,Africa
336,1800,53.8064,86.8711,256.15,Europe / Asia
337,1818,55.5667,52.1,782.501,Europe / Asia
338,1821,61.6469,50.845,549.748,Europe / Asia
339,1822,68.7817,32.7508,1029.661,Europe / Asia
340,1826,53.5039,50.1517,5806.686,Europe / Asia
341,1836,56.23,43.7842,1114.056,Europe / Asia
342,1840,55.6061,49.2786,3470.742,Europe / Asia
343,1848,50.4253,127.4125,552.802,Europe / Asia
344,1849,56.7431,60.8028,6232.318,Europe / Asia
345,1855,59.8003,30.2625,37932.374,Europe / Asia
346,1861,54.5575,55.8839,6889.829,Europe / Asia
347,1873,55.27,86.1072,512.916,Europe / Asia
348,1877,57.0583,40.98,38.273,Europe / Asia
349,1880,57.5589,40.1578,39.079,Europe / Asia
350,1881,54.1258,45.2133,90.552,Europe / Asia
351,1890,55.4089,37.9064,152066.113,Europe / Asia
352,1895,54.89,20.5925,4591.083,Europe / Asia
353,1909,56.0903,47.3472,394.586,Europe / Asia
354,1911,46.2833,48.0064,672.456,Europe / Asia
355,1915,42.8169,47.6522,2875.656,Europe / Asia
356,1918,52.2681,104.3889,2433.794,Europe / Asia
357,1929,54.2683,48.2267,344.616,Europe / Asia
358,1933,13.0747,-59.4925,2298.491,North America
359,1939,-22.925,-42.0786,50.32,South America
360,1946,-29.9944,-51.1714,15868.124,South America
361,1947,-25.5286,-49.1758,6564.065,South America
362,1950,-11.4331,-61.4778,60.691,South America
363,1955,-29.1969,-51.1875,208.092,South America
364,1958,-21.59,-45.4739,9.558,South America
365,1961,-15.8711,-47.9186,16727.177,South America
366,1964,-22.1969,-49.9264,67.443,South America
367,1979,-29.7114,-53.6881,1.795,South America
368,1980,-3.7764,-38.5325,7218.697,South America
369,1981,-31.7183,-52.3297,31.77,South America
370,1990,-22.8125,-43.2483,23067.344,South America
371,1993,-21.6983,-41.3017,13.67,South America
372,1998,-21.1342,-47.7742,909.103,South America
373,1999,-22.1636,-49.0692,126.566,South America
374,2002,-5.9114,-35.2478,2319.506,South America
375,2011,-23.2281,-45.8628,38.401,South America
376,2014,-23.0081,-47.1347,10625.418,South America
377,2015,-7.27,-35.8964,138.523,South America
378,2020,-20.2581,-40.2864,3289.483,South America
379,2034,-19.6339,-43.9689,11231.948,South America
380,2035,-22.175,-51.4247,318.364,South America
381,2042,-23.4319,-46.4694,65933.862,South America
382,2051,44.8183,20.3092,6159.0,Europe
383,2056,33.9889,-98.4919,80.836,North America
384,2058,31.9425,-102.2019,1345.094,North America
385,2059,43.8789,-91.2567,194.808,North America
386,2060,30.7825,-83.2767,88.456,North America
387,2061,42.8808,-85.5228,3587.767,North America
388,2062,31.0672,-97.8289,353.438,North America
389,2063,40.9675,-98.3097,141.02,North America
390,2066,39.8442,-89.6778,150.982,North America
391,2071,30.4733,-87.1867,2236.294,North America
392,2073,34.6544,-112.4197,55.542,North America
393,2075,36.5869,-121.8431,467.99,North America
394,2076,30.4942,-81.6878,7212.883,North America
395,2078,32.8986,-80.0406,4871.864,North America
396,2082,42.4019,-90.7094,76.072,North America
397,2086,35.9525,-112.1469,501.98,North America
398,2093,40.8511,-96.7592,333.428,North America
399,2094,30.3578,-85.7989,1275.488,North America
400,2095,34.7083,-77.4397,327.406,North America
401,2098,32.1161,-110.9411,3785.677,North America
402,2099,36.1983,-95.8881,3053.584,North America
403,2100,41.1558,-104.8119,33.392,North America
404,2101,41.3792,-79.86,3.344,North America
405,2102,28.8525,-96.9186,11.468,North America
406,2103,44.7833,-89.6667,282.29,North America
407,2104,32.6567,-114.6061,200.96,North America
408,2105,45.8167,-88.1167,44.442,North America
409,2106,37.0603,-88.7731,35.964,North America
410,2109,40.2769,-74.8119,931.54,North America
411,2110,30.3917,-84.3497,830.544,North America
412,2111,40.9831,-85.1897,805.758,North America
413,2116,46.2667,-119.1167,876.03,North America
414,2118,30.6911,-88.2428,702.2,North America
415,2119,37.1519,-94.4983,96.01,North America
416,2120,33.6797,-78.9283,2611.563,North America
417,2121,41.5042,-74.1047,1014.646,North America
418,2123,44.7414,-85.5822,574.028,North America
419,2124,27.3956,-82.5544,1955.292,North America
420,2125,40.4914,-80.2328,9779.374,North America
421,2131,39.9408,-91.1944,20.152,North America
422,2133,28.1028,-80.6453,499.284,North America
423,2134,31.3214,-85.4497,117.726,North America
424,2135,37.8942,-121.2383,202.346,North America
425,2139,44.4719,-73.1533,1625.886,North America
426,2140,37.7514,-89.0167,22.27,North America
427,2141,26.6831,-80.0956,6901.681,North America
428,2143,41.3386,-75.7233,577.962,North America
429,2144,35.4361,-82.5419,1616.802,North America
430,2146,42.4025,-96.3844,94.232,North America
431,2149,37.9528,-107.9025,11.038,North America
432,2150,51.8811,-176.6483,6.318,North America
433,2152,40.7794,-91.1225,16.382,North America
434,2153,46.4033,-94.1297,45.102,North America
435,2159,40.7267,-99.0092,42.61,North America
436,2160,44.8658,-91.4842,48.536,North America
437,2164,34.4781,-93.0961,9.754,North America
438,2165,40.8506,-77.8472,394.38,North America
439,2170,40.0392,-88.2781,211.426,North America
440,2171,47.1683,-88.4892,49.908,North America
441,2172,42.2667,-71.8742,194.338,North America
442,2173,41.5342,-93.6578,2919.938,North America
443,2175,39.7172,-86.2944,9547.843,North America
444,2181,30.1944,-97.67,17343.785,North America
445,2182,38.2892,-104.4967,24.472,North America
446,2183,34.4261,-119.8403,998.791,North America
447,2184,37.6244,-118.8406,34.496,North America
448,2185,41.7047,-86.3131,832.524,North America
449,2187,30.4867,-86.52,1627.564,North America
450,2189,45.5467,-94.06,43.534,North America
451,2190,38.7486,-90.37,15889.501,North America
452,2191,38.5106,-122.8103,479.73,North America
453,2192,42.9656,-83.7436,607.988,North America
454,2195,27.9756,-82.5333,24247.19,North America
455,2197,36.2817,-94.3067,1783.032,North America
456,2201,60.5731,-151.245,192.872,North America
457,2202,36.5317,-93.1997,9.858,North America
458,2203,42.1981,-89.0992,233.98,North America
459,2204,33.6367,-84.4281,213019.506,North America
460,2206,44.4856,-88.1339,1468.194,North America
461,2209,40.2189,-111.7225,220.558,North America
462,2210,30.5886,-96.3638,167.7,North America
463,2211,48.1175,-123.4958,1.282,North America
464,2212,41.4117,-81.8497,10066.907,North America
465,2214,35.2139,-80.9431,50530.129,North America
466,2217,41.9786,-87.9047,105497.505,North America
467,2218,41.4486,-90.5075,711.262,North America
468,2222,34.6372,-86.775,1445.419,North America
469,2224,36.1244,-86.6783,18280.076,North America
470,2225,42.5511,-94.1919,17.1,North America
471,2227,38.8181,-92.2197,259.364,North America
472,2230,35.3367,-94.3675,183.92,North America
473,2233,41.2631,-80.6789,3.036,North America
474,2234,39.4992,-119.7681,4453.101,North America
475,2235,43.5294,-72.9497,10.976,North America
476,2236,29.69,-82.2717,546.668,North America
477,2241,38.1744,-85.7361,4087.068,North America
478,2243,38.8058,-104.7008,1656.858,North America
479,2244,43.5644,-116.2228,4115.506,North America
480,2245,43.5819,-96.7419,1152.714,North America
481,2247,37.3267,-79.2006,186.412,North America
482,2248,31.2589,-81.4664,82.198,North America
483,2252,35.1383,-111.6711,239.806,North America
484,2256,45.7206,-87.0958,38.128,North America
485,2257,35.8778,-78.7875,14218.655,North America
486,2258,42.16,-76.8917,313.196,North America
487,2260,40.5089,-122.2933,103.28,North America
488,2262,44.2542,-121.15,965.46,North America
489,2264,43.6278,-72.3072,20.816,North America
490,2265,38.0364,-84.6058,1413.914,North America
491,2266,42.235,-85.5519,302.522,North America
492,2268,37.0906,-113.5931,204.594,North America
493,2270,37.2456,-93.3886,1170.34,North America
494,2272,32.7336,-117.1897,25217.901,North America
495,2274,37.6528,-97.4331,1749.922,North America
496,2278,33.9494,-83.3219,2.692,North America
497,2279,38.5356,-106.9331,72.366,North America
498,2284,38.5411,-89.8489,307.514,North America
499,2286,43.1694,-86.2383,39.506,North America
500,2288,42.9472,-87.8967,6895.174,North America
501,2290,48.3106,-114.2561,712.908,North America
502,2294,40.9161,-81.4422,815.33,North America
503,2295,33.9389,-81.1194,1284.332,North America
504,2297,40.7953,-73.1003,1561.504,North America
505,2298,35.6358,-77.3842,108.662,North America
506,2299,45.5886,-122.5975,19891.555,North America
507,2300,37.7417,-92.1408,10.932,North America
508,2302,43.9103,-92.4967,366.388,North America
509,2303,40.7883,-111.9778,26840.342,North America
510,2304,26.5361,-81.7553,11870.62,North America
511,2305,25.7933,-80.2906,82689.968,North America
512,2306,32.835,-115.5747,7.804,North America
513,2307,41.2419,-76.9211,40.992,North America
514,2309,40.4772,-88.9158,418.312,North America
515,2313,38.1386,-78.4528,811.078,North America
516,2315,32.3006,-86.3939,389.98,North America
517,2317,39.6411,-79.9175,98.212,North America
518,2320,39.0489,-84.6678,9159.374,North America
519,2323,41.2639,-72.8869,50.855,North America
520,2327,46.5681,-120.5408,138.794,North America
521,2330,43.4172,-124.2461,26.786,North America
522,2332,46.5278,-90.1328,10.242,North America
523,2333,43.1111,-76.1064,2543.938,North America
524,2334,29.9844,-95.3414,59734.504,North America
525,2335,39.1753,-76.6683,74888.282,North America
526,2336,42.9406,-78.7322,5136.13,North America
527,2340,59.6456,-151.4767,101.154,North America
528,2341,29.5336,-98.4697,10363.196,North America
529,2343,47.6172,-117.54,4113.054,North America
530,2344,39.1422,-96.6692,185.772,North America
531,2346,61.1744,-149.9964,5263.48,North America
532,2351,48.7928,-122.5375,718.294,North America
533,2352,34.99,-78.8831,433.974,North America
534,2353,46.9206,-96.8158,961.552,North America
535,2354,35.3931,-97.6008,4478.795,North America
536,2355,36.7761,-119.7181,1964.503,North America
537,2356,38.0369,-87.5325,522.268,North America
538,2359,40.6642,-89.6933,682.41,North America
539,2366,39.8617,-104.6731,69024.215,North America
540,2367,39.8344,-88.8656,17.122,North America
541,2370,31.6114,-97.2306,125.818,North America
542,2371,39.4575,-74.5772,1037.072,North America
543,2374,31.3578,-100.4964,132.8,North America
544,2375,37.6189,-122.3917,86528.67,North America
545,2380,37.8561,-80.4019,25.716,North America
546,2382,38.6956,-121.5908,13173.432,North America
547,2384,38.3406,-75.5103,140.346,North America
548,2386,32.1275,-81.2022,3243.731,North America
549,2387,43.1189,-77.6725,2553.314,North America
550,2391,35.6167,-106.0833,286.038,North America
551,2392,42.7786,-84.5872,333.954,North America
552,2393,33.9425,-118.4081,113890.455,North America
553,2394,34.5667,-98.4164,104.828,North America
554,2395,41.3119,-105.675,37.99,North America
555,2396,36.08,-115.1522,51641.496,North America
556,2397,42.2125,-83.3533,36774.323,North America
557,2398,41.9389,-72.6833,6648.164,North America
558,2400,35.2567,-113.9422,265.77,North America
559,2401,35.2369,-120.6419,593.201,North America
560,2406,40.1936,-76.7633,1504.316,North America
561,2407,42.5569,-92.4003,47.008,North America
562,2408,42.7483,-73.8017,2993.324,North America
563,2410,37.4375,-105.8664,20.106,North America
564,2411,41.5869,-83.8078,248.436,North America
565,2415,40.6522,-75.4408,871.102,North America
566,2416,32.4114,-99.6819,163.632,North America
567,2417,35.0406,-106.6094,5463.206,North America
568,2420,33.5631,-86.7536,3032.232,North America
569,2424,40.2758,-79.4047,329.13,North America
570,2428,41.8031,-78.64,8.588,North America
571,2429,47.4489,-122.3094,52673.573,North America
572,2432,39.8719,-75.2411,33020.608,North America
573,2434,32.3542,-95.4025,119.63,North America
574,2435,35.8111,-83.9942,2480.634,North America
575,2436,35.1619,-114.56,268.996,North America
576,2437,36.8947,-76.2011,4404.161,North America
577,2440,39.345,-81.4392,10.502,North America
578,2441,33.4342,-112.0117,48056.163,North America
579,2443,39.7081,-77.7294,58.772,North America
580,2449,41.1783,-78.8986,11.67,North America
581,2453,41.3031,-95.8942,5023.674,North America
582,2454,42.4911,-76.4608,218.504,North America
583,2456,41.1694,-71.5833,71.096,North America
584,2461,44.3853,-74.2061,9.714,North America
585,2463,32.6961,-83.6481,34.242,North America
586,2465,39.2975,-94.7139,11802.329,North America
587,2466,37.2833,-120.5167,13.636,North America
588,2468,43.1558,-93.3358,16.114,North America
589,2470,42.2086,-75.9797,76.186,North America
590,2473,42.3742,-122.8736,1056.772,North America
591,2477,27.7703,-97.5011,656.326,North America
592,2479,39.998,-82.8919,8945.248,North America
593,2488,37.7008,-113.0989,48.504,North America
594,2489,42.3644,-71.0053,44575.763,North America
595,2493,45.5708,-84.7967,58.1,North America
596,2503,33.8297,-116.5067,2644.877,North America
597,2504,43.9919,-76.0217,70.456,North America
598,2506,34.8956,-82.2189,2612.736,North America
599,2508,36.0978,-79.9372,2155.05,North America
600,2513,45.6311,-89.4675,54.562,North America
601,2514,37.3256,-79.9756,722.29,North America
602,2516,35.0731,-77.0431,228.246,North America
603,2517,41.725,-71.4258,4374.209,North America
604,2518,40.6397,-73.7789,242650.324,North America
605,2525,41.8847,-91.7108,1345.44,North America
606,2528,44.8819,-93.2217,39555.611,North America
607,2530,43.1397,-89.3375,2324.06,North America
608,2531,46.2508,-84.4725,48.78,North America
609,2532,28.4294,-81.3089,54586.618,North America
610,2533,32.8969,-97.0381,91853.002,North America
611,2534,39.9025,-84.2194,1691.74,North America
612,2541,62.0478,14.4231,10.533,Europe
613,2542,57.6628,18.3461,446.85,Europe
614,2543,59.2236,15.0381,77.259,Europe
615,2545,56.6856,16.2875,447.785,Europe
616,2546,59.5894,16.6336,109.133,Europe
617,2547,55.5425,13.375,3813.07,Europe
618,2548,55.9217,14.0856,40.444,Europe
619,2551,56.2961,12.8472,869.131,Europe
620,2552,58.7886,16.9122,4940.144,Europe
621,2554,62.5281,17.4439,231.814,Europe
622,2558,60.4219,15.5153,41.295,Europe
623,2563,63.1944,14.5003,473.628,Europe
624,2564,60.9578,14.5114,2.757,Europe
625,2566,60.02,13.5789,3.299,Europe
626,2567,56.9292,14.7281,278.397,Europe
627,2568,58.3181,12.345,72.263,Europe
628,2569,56.2667,15.265,204.679,Europe
629,2570,63.7919,20.2828,960.284,Europe
630,2571,59.6519,17.9186,54007.31,Europe
631,2572,57.6628,12.2797,12891.188,Europe
632,2573,65.5439,22.1219,1162.424,Europe
633,2574,40.4675,50.0467,4730.0,Asia
634,2594,46.485,-84.5094,211.277,North America
635,2596,48.3322,-70.9925,92.657,North America
636,2608,42.2706,-82.9619,319.218,North America
637,2610,46.7911,-71.3933,1789.005,North America
638,2611,46.1614,-60.0478,173.937,North America
639,2614,48.3719,-89.3239,773.457,North America
640,2639,47.6186,-52.7519,1437.381,North America
641,2645,43.0356,-81.1539,683.155,North America
642,2648,49.91,-97.24,4484.248,North America
643,2657,50.7022,-120.4444,361.586,North America
644,2682,43.6772,-79.6306,98619.406,North America
645,2716,51.1139,-114.0203,5957.78,North America
646,2720,45.3225,-75.6692,4969.89,North America
647,2725,49.0253,-122.3606,2925.582,North America
648,2733,52.1708,-106.6997,1488.81,North America
649,2754,50.2819,-63.6114,4.417,North America
650,2762,43.1619,-79.9281,940.105,North America
651,2764,49.7108,-124.8867,401.005,North America
652,2766,49.1939,-123.1844,26871.369,North America
653,2769,50.2233,-66.2656,195.161,North America
654,2777,45.4706,-73.7408,39101.816,North America
655,2792,49.245,28.6103,40.124,Europe
656,2796,50.345,30.8947,17878.181,Europe
657,2800,36.7167,127.4992,3009.051,East Asia
658,2803,37.4692,126.4506,161535.363,East Asia
659,2812,48.1703,17.2128,2306.238,Europe
660,2813,49.0736,20.2411,88.387,Europe
661,2814,48.6631,21.2411,1084.487,Europe
662,2816,34.7181,32.4858,3044.369,Europe
663,2817,34.875,33.6247,8229.346,Europe
664,2818,44.9414,17.2975,149.966,Europe
665,2819,43.8247,18.3314,32.866,Europe
666,2820,44.4586,18.7256,592.384,Europe
667,2821,1.3592,103.9894,68282.84,Southeast Asia
668,2822,24.265,120.6208,2821.967,East Asia
669,2823,24.4297,118.3617,2543.492,East Asia
670,2825,25.0778,121.2328,99693.48,East Asia
671,2826,24.0231,121.6178,118.152,East Asia
672,2827,23.5686,119.6283,2745.338,East Asia
673,2828,22.5772,120.35,7976.091,East Asia
674,2850,50.11,22.0189,772.238,Europe
675,2851,52.4211,16.8264,2412.713,Europe
676,2852,52.1658,20.9672,22137.394,Europe
677,2853,53.5847,14.9022,576.072,Europe
678,2855,50.0778,19.7847,8410.817,Europe
679,2856,50.4742,19.08,4843.889,Europe
680,2857,54.3775,18.4661,5376.12,Europe
681,2858,51.1028,16.8858,3548.016,Europe
682,2859,53.0967,17.9778,425.23,Europe
683,2860,51.7219,19.3981,241.707,Europe
684,2862,35.1597,33.4883,4035.276,Europe
685,2865,58.3075,26.6906,68.322,Europe
686,2867,59.4133,24.8325,3268.918,Europe
687,2873,36.675,-4.4992,19856.299,Europe
688,2874,40.4936,-3.5667,61737.634,Europe
689,2875,39.8625,4.2186,3495.025,Europe
690,2876,37.1886,-3.7772,1251.926,Europe
691,2877,41.9008,2.7606,1932.255,Europe
692,2878,35.2797,-2.9564,434.66,Europe
693,2879,42.77,-1.6464,242.52,Europe
694,2880,41.7061,-4.8519,249.216,Europe
695,2882,28.6264,-17.7556,1483.72,Europe
696,2884,41.2969,2.0783,52693.522,Europe
697,2885,28.0297,-17.2147,77.585,Europe
698,2886,28.4828,-16.3417,5840.483,Europe
699,2887,42.3575,-3.6208,17.688,Europe
700,2888,42.2317,-8.6267,1012.447,Europe
701,2890,43.4269,-3.82,1174.896,Europe
702,2891,37.4181,-5.8931,7544.473,Europe
703,2892,27.8147,-17.8869,268.9,Europe
704,2893,36.7447,-6.06,1120.742,Europe
705,2894,36.8439,-2.37,978.997,Europe
706,2895,42.5889,-5.6556,65.982,Europe
707,2896,28.0444,-16.5725,11168.506,Europe
708,2897,37.775,-0.8125,21.559,Europe
709,2898,41.1475,1.1672,1046.062,Europe
710,2899,38.8728,1.3731,8155.635,Europe
711,2900,41.6661,-1.0417,468.396,Europe
712,2901,38.8914,-6.8214,75.418,Europe
713,2902,28.9456,-13.6053,7292.72,Europe
714,2904,38.2822,-0.5581,15049.464,Europe
715,2905,27.9319,-15.3867,13261.405,Europe
716,2906,28.4528,-13.8639,5635.33,Europe
717,2907,43.3011,-2.9106,6079.826,Europe
718,2911,39.5517,2.7389,29725.189,Europe
719,2920,53.9103,-8.8186,805.532,Europe
720,2921,52.7019,-8.9247,1640.537,Europe
721,2923,51.8414,-8.4911,2585.506,Europe
722,2926,52.1808,-9.5239,369.728,Europe
723,2933,28.9448,50.8346,481.772,Middle East
724,2938,27.2186,56.3778,1217.821,Middle East
725,2965,26.5275,53.9792,3206.496,Middle East
726,2968,26.7519,55.8972,435.193,Middle East
727,3038,-37.8667,175.3319,382.0,Oceania
728,3041,-43.4894,172.5322,13223.638,Oceania
729,3046,-37.0097,174.7917,40223.445,Oceania
730,3056,-46.4147,168.3131,321.0,Oceania
731,3057,-41.3269,174.8069,6414.588,Oceania
732,3059,-41.5178,173.8692,317.0,Oceania
733,3060,-40.32,175.6136,687.142,Oceania
734,3061,-45.9292,170.1975,1077.475,Oceania
735,3063,-37.6733,176.1986,740.443,Oceania
736,3065,37.4667,15.0639,10223.113,Europe
737,3067,36.815,11.9681,165.118,Europe
738,3068,43.6828,10.3956,5389.424,Europe
739,3069,45.3964,10.8881,7086.104,Europe
740,3071,40.8844,14.2908,21146.78,Europe
741,3072,38.9083,16.2417,2978.057,Europe
742,3073,41.1381,16.765,10755.214,Europe
743,3074,37.9075,12.4942,790.102,Europe
744,3075,38.9967,17.0792,169.78,Europe
745,3076,44.0194,12.6094,782.583,Europe
746,3077,44.4133,8.8375,2998.509,Europe
747,3080,43.0972,12.5103,426.95,Europe
748,3081,43.8086,11.2028,5578.901,Europe
749,3082,45.2025,7.6494,3952.159,Europe
750,3083,45.8275,13.4722,812.06,Europe
751,3084,40.6303,8.2897,1390.391,Europe
752,3085,45.5053,12.3519,14816.325,Europe
753,3086,44.5308,11.2969,9405.187,Europe
754,3087,38.0719,15.6536,365.391,Europe
755,3088,39.2514,9.0578,4747.806,Europe
756,3089,43.6167,13.3603,489.835,Europe
757,3090,38.1819,13.0994,13637.302,Europe
758,3091,46.4608,11.3267,10.612,Europe
759,3093,45.63,8.7231,76362.614,Europe
760,3094,40.8986,9.5178,5894.115,Europe
761,3095,42.4317,14.1867,702.653,Europe
762,3096,40.6606,17.9481,5255.341,Europe
763,3097,44.8222,10.2953,141.318,Europe
764,3098,44.5475,7.6231,177.18,Europe
765,3099,41.8003,12.2389,49412.069,Europe
766,3100,36.9947,14.6069,679.784,Europe
767,3103,34.7819,139.3603,46.797,East Asia
768,3106,35.5522,139.7797,166103.196,East Asia
769,3109,35.53,134.1667,81.776,East Asia
770,3110,34.7569,133.8553,3098.412,East Asia
771,3119,33.115,139.7858,412.11,East Asia
772,3123,33.5461,133.6694,3183.165,East Asia
773,3126,34.1328,134.6067,2344.672,East Asia
774,3127,35.7647,140.3864,44045.067,East Asia
775,3129,32.9169,129.9136,1553.001,East Asia
776,3131,33.6622,135.3644,351.926,East Asia
777,3133,34.1353,132.2356,986.446,East Asia
778,3137,33.8272,132.6997,6060.499,East Asia
779,3139,33.8458,131.0347,5332.234,East Asia
780,3144,34.4361,132.9194,3136.813,East Asia
781,3145,34.2142,134.0156,4139.059,East Asia
782,3147,33.5858,130.4506,47336.427,East Asia
783,3151,34.4272,135.2442,99304.057,East Asia
784,3154,33.75,129.7833,67.336,East Asia
785,3161,43.0614,74.4775,2167.759,Asia
786,3179,24.4331,54.6511,21160.0,Middle East
787,3181,25.2528,55.3644,101645.868,Middle East
788,3194,-31.7108,-60.8114,153.559,South America
789,3205,-34.8222,-58.5358,38296.179,South America
790,3216,-32.9036,-60.7844,760.448,South America
791,3232,26.2708,50.6336,9578.797,Middle East
792,3233,40.1472,44.3958,3048.859,Europe / Asia
